<?xml version="1.0" encoding="ISO-8859-1"?><?xml-stylesheet type="text/css" href="adempiereDocument.css"?><adempiereDocument>
    <header>#5324-Generate_Outbound_Order Package Description</header>
    <H1>Package Name:</H1>
    <packagename>#5324-Generate_Outbound_Order</packagename>
    <H1>Creator:</H1>
    <creator>nsarlabos</creator>
    <H1>Email Address:</H1>
    <creatorcontact>nicolas.sarlabos@openupsolutio</creatorcontact>
    <H1>Created:</H1>
    <createddate>2019-11-25 19:54:08.0</createddate>
    <H1>Updated:</H1>
    <updateddate>2019-11-25 20:08:32.0</updateddate>
    <H1>Description:</H1>
    <description>Contributed by Yamel Senih</description>
    <H1>Instructions:</H1>
    <instructions>.</instructions>
    <H1>Files in Package:</H1>
    <file>File: PackOut.xml</file>
    <filedirectory>Directory: \dict\</filedirectory>
    <filenotes>Notes: Contains all application/object settings for package</filenotes>
</adempiereDocument>
